{"1": [-0.46096744284459057, -0.32807478054479383], "2": [0.9754133581813975, -0.06754117997125689], "3": [-1.1436500541733934, -0.010906035384556829], "4": [0.4910955699251176, 0.3083577392429527], "5": [0.07320302799408421, -1.3807167710442056]}